{
  "project_info": {
    "project_number": "1008295934894",
    "firebase_url": "https://socially-943f3.firebaseio.com",
    "project_id": "socially-943f3",
    "storage_bucket": "socially-943f3.appspot.com"
  },
  "client": [
    {
      "client_info": {
        "mobilesdk_app_id": "1:1008295934894:android:03f41e22a35f3b7e9e663f",
        "android_client_info": {
          "package_name": "sg.MAD.socially"
        }
      },
      "oauth_client": [
        {
          "client_id": "1008295934894-st5rj6ad2gjd03s79bmpchdc1fs01ijg.apps.googleusercontent.com",
          "client_type": 1,
          "android_info": {
            "package_name": "sg.MAD.socially",
            "certificate_hash": "8360ed5e7ea3e6a7f85558ad792e0f45a2a6947f"
          }
        },
        {
          "client_id": "1008295934894-0l2j0g2fmv3qeotujsj39tuv1udhqip6.apps.googleusercontent.com",
          "client_type": 3
        }
      ],
      "api_key": [
        {
          "current_key": "AIzaSyBu6yRWwa2Z5bEKGwQE2bddxUoQpO5Akts"
        }
      ],
      "services": {
        "appinvite_service": {
          "other_platform_oauth_client": [
            {
              "client_id": "1008295934894-0l2j0g2fmv3qeotujsj39tuv1udhqip6.apps.googleusercontent.com",
              "client_type": 3
            }
          ]
        }
      }
    }
  ],
  "configuration_version": "1"
}